tweet_id,in_reply_to_status_id,in_reply_to_user_id,timestamp,source,text,retweeted_status_id,retweeted_status_user_id,retweeted_status_timestamp,expanded_urls,rating_numerator,rating_denominator,name,stage,favorite_count,retweet_count
883360690899218434,,,2017-07-07 16:22:55 +0000,Twitter for iPhone,Meet Grizzwald. He may be the floofiest floofer I ever did see. Lost eyes saving a schoolbus from a volcano erpuption. 13/10 heroic as h*ck https://t.co/rf661IFEYP,,,,https://twitter.com/dog_rates/status/883360690899218434/photo/1,13,10,Grizzwald,floofer,22269,3627
800388270626521089,,,2016-11-20 17:20:08 +0000,Twitter for iPhone,This is Doc. He takes time out of every day to worship our plant overlords. 12/10 quite the floofer https://t.co/azMneS6Ly5,,,,"https://twitter.com/dog_rates/status/800388270626521089/photo/1,https://twitter.com/dog_rates/status/800388270626521089/photo/1,https://twitter.com/dog_rates/status/800388270626521089/photo/1",12,10,Doc,floofer,11931,3085
749317047558017024,,,2016-07-02 19:01:20 +0000,Twitter for iPhone,This is Blu. He's a wild bush Floofer. I wish anything made me as happy as bushes make Blu. 12/10 would frolic with https://t.co/HHUAnBb6QB,,,,https://twitter.com/dog_rates/status/749317047558017024/video/1,12,10,Blu,floofer,5768,2377
685307451701334016,,,2016-01-08 03:50:03 +0000,Twitter for iPhone,Say hello to Petrick. He's an Altostratus Floofer. Just had a run in with a trash bag. Groovy checkered floor. 11/10 https://t.co/rwW7z1JAOF,,,,https://twitter.com/dog_rates/status/685307451701334016/photo/1,11,10,Petrick,floofer,2169,468
889531135344209921,,,2017-07-24 17:02:04 +0000,Twitter for iPhone,This is Stuart. He's sporting his favorite fanny pack. Secretly filled with bones only. 13/10 puppared puppo #BarkWeek https://t.co/y70o6h3isq,,,,https://twitter.com/dog_rates/status/889531135344209921/photo/1,13,10,Stuart,puppo,14837,2199
878776093423087618,,,2017-06-25 00:45:22 +0000,Twitter for iPhone,This is Snoopy. He's a proud #PrideMonthPuppo. Impeccable handwriting for not having thumbs. 13/10 would love back #PrideMonth https://t.co/lNZwgNO4gS,,,,"https://twitter.com/dog_rates/status/878776093423087618/photo/1,https://twitter.com/dog_rates/status/878776093423087618/photo/1",13,10,Snoopy,puppo,19065,4050
874012996292530176,,,2017-06-11 21:18:31 +0000,Twitter for iPhone,"This is Sebastian. He can't see all the colors of the rainbow, but he can see that this flag makes his human happy. 13/10 #PrideMonth puppo https://t.co/XBE0evJZ6V",,,,"https://twitter.com/dog_rates/status/874012996292530176/photo/1,https://twitter.com/dog_rates/status/874012996292530176/photo/1",13,10,Sebastian,puppo,34041,10264
874012996292530176,,,2017-06-11 21:18:31 +0000,Twitter for iPhone,"This is Sebastian. He can't see all the colors of the rainbow, but he can see that this flag makes his human happy. 13/10 #PrideMonth puppo https://t.co/XBE0evJZ6V",,,,"https://twitter.com/dog_rates/status/874012996292530176/photo/1,https://twitter.com/dog_rates/status/874012996292530176/photo/1",13,10,Sebastian,puppo,34041,10264
867421006826221569,,,2017-05-24 16:44:18 +0000,Twitter for iPhone,This is Shikha. She just watched you drop a skittle on the ground and still eat it. Could not be less impressed. 12/10 superior puppo https://t.co/XZlZKd73go,,,,https://twitter.com/dog_rates/status/867421006826221569/photo/1,12,10,Shikha,puppo,16039,2509
825120256414846976,,,2017-01-27 23:16:13 +0000,Twitter for iPhone,"RT @dog_rates: Say hello to Pablo. He's one gorgeous puppo. A true 12/10. Click the link to see why Pablo requests your assistance

https:/…",8.250265907194839e+17,4196983835.0,2017-01-27 17:04:02 +0000,"https://www.gofundme.com/my-puppys-double-cataract-surgery,https://twitter.com/dog_rates/status/825026590719483904/photo/1,https://twitter.com/dog_rates/status/825026590719483904/photo/1",12,10,Pablo,puppo,0,1389
825026590719483904,,,2017-01-27 17:04:02 +0000,Twitter for iPhone,"Say hello to Pablo. He's one gorgeous puppo. A true 12/10. Click the link to see why Pablo requests your assistance

https://t.co/koHvVQp9bL https://t.co/IhW0JKf7kc",,,,"https://www.gofundme.com/my-puppys-double-cataract-surgery,https://twitter.com/dog_rates/status/825026590719483904/photo/1,https://twitter.com/dog_rates/status/825026590719483904/photo/1",12,10,Pablo,puppo,6728,1389
820013781606658049,,,2017-01-13 21:04:55 +0000,Twitter for iPhone,"RT @dog_rates: This is Oliver. He has dreams of being a service puppo so he can help his owner. 13/10 selfless af

make it happen:
https://…",8.199522364533637e+17,4196983835.0,2017-01-13 17:00:21 +0000,"https://www.gofundme.com/servicedogoliver,https://twitter.com/dog_rates/status/819952236453363712/photo/1",13,10,Oliver,puppo,0,1289
819952236453363712,,,2017-01-13 17:00:21 +0000,Twitter for iPhone,"This is Oliver. He has dreams of being a service puppo so he can help his owner. 13/10 selfless af

make it happen:
https://t.co/f5WMsx0a9K https://t.co/6lJz0DKZIb",,,,"https://www.gofundme.com/servicedogoliver,https://twitter.com/dog_rates/status/819952236453363712/photo/1",13,10,Oliver,puppo,5645,1289
816829038950027264,,,2017-01-05 02:09:53 +0000,Twitter for iPhone,RT @dog_rates: This is Betty. She's assisting with the dishes. Such a good puppo. 12/10 h*ckin helpful af https://t.co/dgvTPZ9tgI,7.90946055508652e+17,4196983835.0,2016-10-25 16:00:09 +0000,"https://twitter.com/dog_rates/status/790946055508652032/photo/1,https://twitter.com/dog_rates/status/790946055508652032/photo/1",12,10,Betty,puppo,0,5152
805823200554876929,,,2016-12-05 17:16:37 +0000,Twitter for iPhone,RT @dog_rates: This is Reginald. He's one magical puppo. Aerodynamic af. 12/10 would catch https://t.co/t0cEeRbcXJ,7.841831657956557e+17,4196983835.0,2016-10-07 00:06:50 +0000,"https://vine.co/v/5ghHLBMMdlV,https://vine.co/v/5ghHLBMMdlV",12,10,Reginald,puppo,0,8822
803773340896923648,,,2016-11-30 01:31:12 +0000,Twitter for iPhone,This is Diogi. He fell in the pool as soon as he was brought home. Clumsy puppo. 12/10 would pet until dry https://t.co/ZxeRjMKaWt,,,,"https://twitter.com/dog_rates/status/803773340896923648/photo/1,https://twitter.com/dog_rates/status/803773340896923648/photo/1,https://twitter.com/dog_rates/status/803773340896923648/photo/1,https://twitter.com/dog_rates/status/803773340896923648/photo/1",12,10,Diogi,puppo,10741,3043
802239329049477120,,,2016-11-25 19:55:35 +0000,Twitter for iPhone,This is Loki. He'll do your taxes for you. Can also make room in your budget for all the things you bought today. 12/10 what a puppo https://t.co/5oWrHCWg87,,,,"https://twitter.com/dog_rates/status/802239329049477120/photo/1,https://twitter.com/dog_rates/status/802239329049477120/photo/1",12,10,Loki,puppo,9711,2858
793195938047070209,,,2016-10-31 21:00:23 +0000,Twitter for iPhone,Say hello to Lily. She's pupset that her costume doesn't fit as well as last year. 12/10 poor puppo https://t.co/YSi6K1firY,,,,"https://twitter.com/dog_rates/status/793195938047070209/photo/1,https://twitter.com/dog_rates/status/793195938047070209/photo/1",12,10,Lily,puppo,16361,6180
790946055508652032,,,2016-10-25 16:00:09 +0000,Twitter for iPhone,This is Betty. She's assisting with the dishes. Such a good puppo. 12/10 h*ckin helpful af https://t.co/dgvTPZ9tgI,,,,https://twitter.com/dog_rates/status/790946055508652032/photo/1,12,10,Betty,puppo,17788,5152
787717603741622272,,,2016-10-16 18:11:26 +0000,Twitter for iPhone,This is Tonks. She is a service puppo. Can hear a caterpillar hiccup from 7 miles away. 13/10 would follow anywhere https://t.co/i622ZbWkUp,,,,"https://twitter.com/dog_rates/status/787717603741622272/photo/1,https://twitter.com/dog_rates/status/787717603741622272/photo/1,https://twitter.com/dog_rates/status/787717603741622272/photo/1,https://twitter.com/dog_rates/status/787717603741622272/photo/1",13,10,Tonks,puppo,10933,3048
784183165795655680,,,2016-10-07 00:06:50 +0000,Vine,This is Reginald. He's one magical puppo. Aerodynamic af. 12/10 would catch https://t.co/t0cEeRbcXJ,,,,https://vine.co/v/5ghHLBMMdlV,12,10,Reginald,puppo,21493,8822
738537504001953792,,,2016-06-03 01:07:16 +0000,Twitter for iPhone,This is Bayley. She fell asleep trying to escape her evil fence enclosure. 11/10 night night puppo https://t.co/AxSiqAKEKu,,,,"https://twitter.com/dog_rates/status/738537504001953792/photo/1,https://twitter.com/dog_rates/status/738537504001953792/photo/1",11,10,Bayley,puppo,5331,1664
890240255349198849,,,2017-07-26 15:59:51 +0000,Twitter for iPhone,This is Cassie. She is a college pup. Studying international doggo communication and stick theory. 14/10 so elegant much sophisticate https://t.co/t1bfwz5S2A,,,,https://twitter.com/dog_rates/status/890240255349198849/photo/1,14,10,Cassie,doggo,31308,7215
884162670584377345,,,2017-07-09 21:29:42 +0000,Twitter for iPhone,Meet Yogi. He doesn't have any important dog meetings today he just enjoys looking his best at all times. 12/10 for dangerously dapper doggo https://t.co/YSI00BzTBZ,,,,https://twitter.com/dog_rates/status/884162670584377345/photo/1,12,10,Yogi,doggo,19976,2923
871515927908634625,,,2017-06-04 23:56:03 +0000,Twitter for iPhone,This is Napolean. He's a Raggedy East Nicaraguan Zoom Zoom. Runs on one leg. Built for deception. No eyes. Good with kids. 12/10 great doggo https://t.co/PR7B7w1rUw,,,,"https://twitter.com/dog_rates/status/871515927908634625/photo/1,https://twitter.com/dog_rates/status/871515927908634625/photo/1",12,10,Napolean,doggo,19969,3428
869596645499047938,,,2017-05-30 16:49:31 +0000,Twitter for iPhone,This is Scout. He just graduated. Officially a doggo now. Have fun with taxes and losing sight of your ambitions. 12/10 would throw cap for https://t.co/DsA2hwXAJo,,,,"https://twitter.com/dog_rates/status/869596645499047938/photo/1,https://twitter.com/dog_rates/status/869596645499047938/photo/1",12,10,Scout,doggo,15840,3126
851953902622658560,,,2017-04-12 00:23:33 +0000,Twitter for iPhone,RT @dog_rates: This is Astrid. She's a guide doggo in training. 13/10 would follow anywhere https://t.co/xo7FZFIAao,8.29374341691347e+17,4196983835.0,2017-02-08 17:00:26 +0000,"https://twitter.com/dog_rates/status/829374341691346946/photo/1,https://twitter.com/dog_rates/status/829374341691346946/photo/1,https://twitter.com/dog_rates/status/829374341691346946/photo/1,https://twitter.com/dog_rates/status/829374341691346946/photo/1",13,10,Astrid,doggo,0,10069
846514051647705089,,,2017-03-28 00:07:32 +0000,Twitter for iPhone,This is Barney. He's an elder doggo. Hitches a ride when he gets tired. Waves goodbye before he leaves. 13/10 please come back soon https://t.co/cFAasDXauK,,,,"https://twitter.com/dog_rates/status/846514051647705089/photo/1,https://twitter.com/dog_rates/status/846514051647705089/photo/1,https://twitter.com/dog_rates/status/846514051647705089/photo/1",13,10,Barney,doggo,46323,12270
845397057150107648,,,2017-03-24 22:08:59 +0000,Twitter for iPhone,"Say hello to Mimosa. She's an emotional support doggo who helps her owner with PTSD. 13/10, but she needs your help

https://t.co/L6mLzrd7Mx https://t.co/jMutBFdw5o",,,,"https://www.gofundme.com/help-save-a-pup,https://twitter.com/dog_rates/status/845397057150107648/photo/1,https://twitter.com/dog_rates/status/845397057150107648/photo/1",13,10,Mimosa,doggo,7928,1915
836753516572119041,,,2017-03-01 01:42:39 +0000,Twitter for iPhone,This is Meera. She just heard about taxes and how much a doghouse in a nice area costs. Not pupared to be a  doggo anymore. 12/10 https://t.co/GZmNEdyoJY,,,,https://twitter.com/dog_rates/status/836753516572119041/photo/1,12,10,Meera,doggo,20160,4948
832998151111966721,,,2017-02-18 17:00:10 +0000,Twitter for iPhone,"This is Rhino. He arrived at a shelter with an elaborate doggo manual for his new family, written by someone who will always love him. 13/10 https://t.co/QX1h0oqMz0",,,,"https://twitter.com/dog_rates/status/832998151111966721/photo/1,https://twitter.com/dog_rates/status/832998151111966721/photo/1",13,10,Rhino,doggo,13975,2386
832273440279240704,,,2017-02-16 17:00:25 +0000,Twitter for iPhone,Say hello to Smiley. He's a blind therapy doggo having a h*ckin blast high steppin around in the snow. 14/10 would follow anywhere https://t.co/SHAb1wHjMz,,,,https://twitter.com/dog_rates/status/832273440279240704/video/1,14,10,Smiley,doggo,11898,2514
832032802820481025,,,2017-02-16 01:04:13 +0000,Twitter for iPhone,"This is Miguel. He was the only remaining doggo at the adoption center after the weekend. Let's change that. 12/10

https://t.co/P0bO8mCQwN https://t.co/SU4K34NT4M",,,,"https://www.petfinder.com/petdetail/34918210,https://twitter.com/dog_rates/status/832032802820481025/photo/1,https://twitter.com/dog_rates/status/832032802820481025/photo/1,https://twitter.com/dog_rates/status/832032802820481025/photo/1,https://twitter.com/dog_rates/status/832032802820481025/photo/1",12,10,Miguel,doggo,18765,4998
831939777352105988,,,2017-02-15 18:54:34 +0000,Twitter for iPhone,This is Emanuel. He's a h*ckin rare doggo. Dwells in a semi-urban environment. Round features make him extra collectible. 12/10 would so pet https://t.co/k9bzgyVdUT,,,,https://twitter.com/dog_rates/status/831939777352105988/photo/1,12,10,Emanuel,doggo,25256,6619
831322785565769729,,,2017-02-14 02:02:51 +0000,Twitter for iPhone,This is Pete. He has no eyes. Needs a guide doggo. Also appears to be considerably fluffy af. 12/10 would hug softly https://t.co/Xc0gyovCtK,,,,https://twitter.com/dog_rates/status/831322785565769729/photo/1,12,10,Pete,doggo,9696,1648
829878982036299777,,,2017-02-10 02:25:42 +0000,Twitter for iPhone,RT @dog_rates: This is Loki. He smiles like Elvis. Ain't nothin but a hound doggo. 12/10 https://t.co/QV5nx6otZR,8.269586533285929e+17,4196983835.0,2017-02-02 01:01:21 +0000,"https://twitter.com/dog_rates/status/826958653328592898/photo/1,https://twitter.com/dog_rates/status/826958653328592898/photo/1",12,10,Loki,doggo,0,5423
829374341691346946,,,2017-02-08 17:00:26 +0000,Twitter for iPhone,This is Astrid. She's a guide doggo in training. 13/10 would follow anywhere https://t.co/xo7FZFIAao,,,,"https://twitter.com/dog_rates/status/829374341691346946/photo/1,https://twitter.com/dog_rates/status/829374341691346946/photo/1",13,10,Astrid,doggo,36508,10069
828381636999917570,,,2017-02-05 23:15:47 +0000,Twitter for iPhone,Meet Doobert. He's a deaf doggo. Didn't stop him on the field tho. Absolute legend today. 14/10 would pat head approvingly https://t.co/iCk7zstRA9,,,,https://twitter.com/dog_rates/status/828381636999917570/photo/1,14,10,Doobert,doggo,13325,2410
826958653328592898,,,2017-02-02 01:01:21 +0000,Twitter for iPhone,This is Loki. He smiles like Elvis. Ain't nothin but a hound doggo. 12/10 https://t.co/QV5nx6otZR,,,,https://twitter.com/dog_rates/status/826958653328592898/photo/1,12,10,Loki,doggo,22806,5423
826848821049180160,,,2017-02-01 17:44:55 +0000,Twitter for iPhone,This is Cupid. He was found in the trash. Now he's well on his way to prosthetic front legs and a long happy doggo life. 13/10 heroic af https://t.co/WS0Gha8vRh,,,,"https://twitter.com/dog_rates/status/826848821049180160/photo/1,https://twitter.com/dog_rates/status/826848821049180160/photo/1,https://twitter.com/dog_rates/status/826848821049180160/photo/1,https://twitter.com/dog_rates/status/826848821049180160/photo/1",13,10,Cupid,doggo,38559,11067
826476773533745153,,,2017-01-31 17:06:32 +0000,Twitter for iPhone,This is Pilot. He has mastered the synchronized head tilt and sneaky tongue slip. Usually not unlocked until later doggo days. 12/10 https://t.co/YIV8sw8xkh,,,,https://twitter.com/dog_rates/status/826476773533745153/photo/1,12,10,Pilot,doggo,19475,4543
821765923262631936,,,2017-01-18 17:07:18 +0000,Twitter for iPhone,This is Duchess. She uses dark doggo forces to levitate her toys. 13/10 magical af https://t.co/maDNMETA52,,,,https://twitter.com/dog_rates/status/821765923262631936/photo/1,13,10,Duchess,doggo,8931,1815
821421320206483457,,,2017-01-17 18:17:58 +0000,Twitter for iPhone,RT @dog_rates: This is Sampson. He just graduated. Ready to be a doggo now. Time for the real world. 12/10 have fun with taxes https://t.co…,7.82305867769217e+17,4196983835.0,2016-10-01 19:47:08 +0000,"https://twitter.com/dog_rates/status/782305867769217024/photo/1,https://twitter.com/dog_rates/status/782305867769217024/photo/1,https://twitter.com/dog_rates/status/782305867769217024/photo/1",12,10,Sampson,doggo,0,6094
821407182352777218,,,2017-01-17 17:21:47 +0000,Twitter for iPhone,This is Sundance. He's a doggo drummer. Even sings a bit on the side. 14/10 entertained af (vid by @sweetsundance) https://t.co/Xn5AQtiqzG,,,,https://twitter.com/dog_rates/status/821407182352777218/video/1,14,10,Sundance,doggo,12491,4732
819015337530290176,,,2017-01-11 02:57:27 +0000,Twitter for iPhone,RT @dog_rates: This is Bo. He was a very good First Doggo. 14/10 would be an absolute honor to pet https://t.co/AdPKrI8BZ1,8.190048031079834e+17,4196983835.0,2017-01-11 02:15:36 +0000,"https://twitter.com/dog_rates/status/819004803107983360/photo/1,https://twitter.com/dog_rates/status/819004803107983360/photo/1,https://twitter.com/dog_rates/status/819004803107983360/photo/1,https://twitter.com/dog_rates/status/819004803107983360/photo/1,https://twitter.com/dog_rates/status/819004803107983360/photo/1,https://twitter.com/dog_rates/status/819004803107983360/photo/1,https://twitter.com/dog_rates/status/819004803107983360/photo/1,https://twitter.com/dog_rates/status/819004803107983360/photo/1",14,10,Bo,doggo,0,40048
819015331746349057,,,2017-01-11 02:57:26 +0000,Twitter for iPhone,RT @dog_rates: This is Sunny. She was also a very good First Doggo. 14/10 would also be an absolute honor to pet https://t.co/YOC1fHFCSb,8.19006400881918e+17,4196983835.0,2017-01-11 02:21:57 +0000,"https://twitter.com/dog_rates/status/819006400881917954/photo/1,https://twitter.com/dog_rates/status/819006400881917954/photo/1,https://twitter.com/dog_rates/status/819006400881917954/photo/1,https://twitter.com/dog_rates/status/819006400881917954/photo/1,https://twitter.com/dog_rates/status/819006400881917954/photo/1,https://twitter.com/dog_rates/status/819006400881917954/photo/1,https://twitter.com/dog_rates/status/819006400881917954/photo/1,https://twitter.com/dog_rates/status/819006400881917954/photo/1",14,10,Sunny,doggo,0,20648
819006400881917954,,,2017-01-11 02:21:57 +0000,Twitter for iPhone,This is Sunny. She was also a very good First Doggo. 14/10 would also be an absolute honor to pet https://t.co/YOC1fHFCSb,,,,"https://twitter.com/dog_rates/status/819006400881917954/photo/1,https://twitter.com/dog_rates/status/819006400881917954/photo/1,https://twitter.com/dog_rates/status/819006400881917954/photo/1,https://twitter.com/dog_rates/status/819006400881917954/photo/1",14,10,Sunny,doggo,48021,20648
819004803107983360,,,2017-01-11 02:15:36 +0000,Twitter for iPhone,This is Bo. He was a very good First Doggo. 14/10 would be an absolute honor to pet https://t.co/AdPKrI8BZ1,,,,"https://twitter.com/dog_rates/status/819004803107983360/photo/1,https://twitter.com/dog_rates/status/819004803107983360/photo/1,https://twitter.com/dog_rates/status/819004803107983360/photo/1,https://twitter.com/dog_rates/status/819004803107983360/photo/1",14,10,Bo,doggo,91918,40048
817777686764523521,,,2017-01-07 16:59:28 +0000,Twitter for iPhone,"This is Dido. She's playing the lead role in ""Pupper Stops to Catch Snow Before Resuming Shadow Box with Dried Apple."" 13/10 (IG: didodoggo) https://t.co/m7isZrOBX7",,,,https://twitter.com/dog_rates/status/817777686764523521/video/1,13,10,Dido,doggo,11385,2918
817777686764523521,,,2017-01-07 16:59:28 +0000,Twitter for iPhone,"This is Dido. She's playing the lead role in ""Pupper Stops to Catch Snow Before Resuming Shadow Box with Dried Apple."" 13/10 (IG: didodoggo) https://t.co/m7isZrOBX7",,,,https://twitter.com/dog_rates/status/817777686764523521/video/1,13,10,Dido,pupper,11385,2918
813910438903693312,,,2016-12-28 00:52:25 +0000,Twitter for iPhone,This is Chubbs. He dug a hole and now he's stuck in it. Dang h*ckin doggo. 11/10 would assist https://t.co/z1VRj1cYZf,,,,https://twitter.com/dog_rates/status/813910438903693312/photo/1,11,10,Chubbs,doggo,9915,2061
813096984823349248,,,2016-12-25 19:00:02 +0000,Twitter for iPhone,This is Rocky. He got triple-doggo-dared. Stuck af. 11/10 someone help him https://t.co/soNL00XWVu,,,,https://twitter.com/dog_rates/status/813096984823349248/photo/1,11,10,Rocky,doggo,11241,3942
801127390143516673,,,2016-11-22 18:17:08 +0000,Twitter for iPhone,RT @dog_rates: This is Anakin. He strives to reach his full doggo potential. Born with blurry tail tho. 11/10 would still pet well https://…,7.75733305207554e+17,4196983835.0,2016-09-13 16:30:07 +0000,https://twitter.com/dog_rates/status/775733305207554048/photo/1,11,10,Anakin,doggo,0,4363
801115127852503040,,,2016-11-22 17:28:25 +0000,Twitter for iPhone,This is Bones. He's being haunted by another doggo of roughly the same size. 12/10 deep breaths pupper everything's fine https://t.co/55Dqe0SJNj,,,,"https://twitter.com/dog_rates/status/801115127852503040/photo/1,https://twitter.com/dog_rates/status/801115127852503040/photo/1",12,10,Bones,doggo,8646,2292
801115127852503040,,,2016-11-22 17:28:25 +0000,Twitter for iPhone,This is Bones. He's being haunted by another doggo of roughly the same size. 12/10 deep breaths pupper everything's fine https://t.co/55Dqe0SJNj,,,,"https://twitter.com/dog_rates/status/801115127852503040/photo/1,https://twitter.com/dog_rates/status/801115127852503040/photo/1",12,10,Bones,pupper,8646,2292
799757965289017345,,,2016-11-18 23:35:32 +0000,Twitter for iPhone,This is Sobe. She's a h*ckin happy doggo. Only one leg tho. Must have good balance. 13/10 would smile back https://t.co/OiH8PaOxB1,,,,"https://twitter.com/dog_rates/status/799757965289017345/photo/1,https://twitter.com/dog_rates/status/799757965289017345/photo/1,https://twitter.com/dog_rates/status/799757965289017345/photo/1,https://twitter.com/dog_rates/status/799757965289017345/photo/1",13,10,Sobe,doggo,9012,2375
786363235746385920,,,2016-10-13 00:29:39 +0000,Twitter for iPhone,This is Rizzo. He has many talents. A true renaissance doggo. 13/10 entertaining af https://t.co/TVXpEJB7Wn,,,,"https://twitter.com/dog_rates/status/786363235746385920/photo/1,https://twitter.com/dog_rates/status/786363235746385920/photo/1,https://twitter.com/dog_rates/status/786363235746385920/photo/1,https://twitter.com/dog_rates/status/786363235746385920/photo/1",13,10,Rizzo,doggo,11670,3836
782747134529531904,,,2016-10-03 01:00:34 +0000,Twitter for iPhone,This is Deacon. He's the happiest almost dry doggo I've ever seen. 11/10 would smile back https://t.co/C6fUMnHt1H,,,,https://twitter.com/dog_rates/status/782747134529531904/photo/1,11,10,Deacon,doggo,7967,1523
782305867769217024,,,2016-10-01 19:47:08 +0000,Twitter for iPhone,This is Sampson. He just graduated. Ready to be a doggo now. Time for the real world. 12/10 have fun with taxes https://t.co/pgVKxRw0s1,,,,"https://twitter.com/dog_rates/status/782305867769217024/photo/1,https://twitter.com/dog_rates/status/782305867769217024/photo/1,https://twitter.com/dog_rates/status/782305867769217024/photo/1",12,10,Sampson,doggo,17787,6094
781655249211752448,,,2016-09-30 00:41:48 +0000,Vine,This is Combo. The daily struggles of being a doggo have finally caught up with him. 11/10 https://t.co/LOKrNo0OM7,,,,https://vine.co/v/5rt6T3qm7hL,11,10,Combo,doggo,4273,1225
775733305207554048,,,2016-09-13 16:30:07 +0000,Twitter for iPhone,This is Anakin. He strives to reach his full doggo potential. Born with blurry tail tho. 11/10 would still pet well https://t.co/9CcBSxCXXG,,,,https://twitter.com/dog_rates/status/775733305207554048/photo/1,11,10,Anakin,doggo,14738,4363
775364825476165632,,,2016-09-12 16:05:54 +0000,Twitter for iPhone,This is Finley. He's an independent doggo still adjusting to life on his own. 11/10 https://t.co/7FNcBaKbci,,,,"https://twitter.com/dog_rates/status/775364825476165632/photo/1,https://twitter.com/dog_rates/status/775364825476165632/photo/1,https://twitter.com/dog_rates/status/775364825476165632/photo/1,https://twitter.com/dog_rates/status/775364825476165632/photo/1",11,10,Finley,doggo,7901,3231
760893934457552897,,,2016-08-03 17:43:45 +0000,Twitter for iPhone,This is Wishes. He has the day off. Daily struggles of being a doggo have finally caught up with him. 11/10 https://t.co/H9YgrUkYwa,,,,https://twitter.com/dog_rates/status/760893934457552897/photo/1,11,10,Wishes,doggo,4042,1052
759793422261743616,,,2016-07-31 16:50:42 +0000,Twitter for iPhone,"Meet Maggie &amp; Lila. Maggie is the doggo, Lila is the pupper. They are sisters. Both 12/10 would pet at the same time https://t.co/MYwR4DQKll",,,,"https://twitter.com/dog_rates/status/759793422261743616/photo/1,https://twitter.com/dog_rates/status/759793422261743616/photo/1",12,10,Maggie,doggo,6300,2051
759793422261743616,,,2016-07-31 16:50:42 +0000,Twitter for iPhone,"Meet Maggie &amp; Lila. Maggie is the doggo, Lila is the pupper. They are sisters. Both 12/10 would pet at the same time https://t.co/MYwR4DQKll",,,,"https://twitter.com/dog_rates/status/759793422261743616/photo/1,https://twitter.com/dog_rates/status/759793422261743616/photo/1",12,10,Maggie,pupper,6300,2051
750011400160841729,,,2016-07-04 17:00:26 +0000,TweetDeck,Meet Piper. She's an airport doggo. Please return your tray table to its full pupright and locked position. 11/10 https://t.co/D17IAcetmM,,,,https://twitter.com/dog_rates/status/750011400160841729/photo/1,11,10,Piper,doggo,3418,974
749075273010798592,,,2016-07-02 03:00:36 +0000,Vine,This is Boomer. He's self-baptizing. Other doggo not ready to renounce sins. 11/10 spiritually awakened af https://t.co/cRTJiQQk9o,,,,https://vine.co/v/5ztZvHgI17r,11,10,Boomer,doggo,6065,2225
748932637671223296,,,2016-07-01 17:33:49 +0000,Twitter for iPhone,Say hello to Divine Doggo. Must be magical af. 13/10 would be an honor to pet https://t.co/BbcABzohKb,,,,https://twitter.com/dog_rates/status/748932637671223296/photo/1,13,10,Divine,doggo,6149,2423
732375214819057664,,,2016-05-17 01:00:32 +0000,Twitter for iPhone,This is Kyle (pronounced 'Mitch'). He strives to be the best doggo he can be. 11/10 would pat on head approvingly https://t.co/aA2GiTGvlE,,,,https://twitter.com/dog_rates/status/732375214819057664/photo/1,11,10,Kyle,doggo,8445,2689
886366144734445568,,,2017-07-15 23:25:31 +0000,Twitter for iPhone,This is Roscoe. Another pupper fallen victim to spontaneous tongue ejections. Get the BlepiPen immediate. 12/10 deep breaths Roscoe https://t.co/RGE08MIJox,,,,"https://twitter.com/dog_rates/status/886366144734445568/photo/1,https://twitter.com/dog_rates/status/886366144734445568/photo/1",12,10,Roscoe,pupper,20796,3130
882762694511734784,,,2017-07-06 00:46:41 +0000,Twitter for iPhone,This is Gus. He's quite the cheeky pupper. Already perfected the disinterested wink. 12/10 would let steal my girl https://t.co/D43I96SlVu,,,,https://twitter.com/dog_rates/status/882762694511734784/photo/1,12,10,Gus,pupper,27778,4816
876838120628539392,,,2017-06-19 16:24:33 +0000,Twitter for iPhone,This is Ginger. She's having a ruff Monday. Too many pupper things going on. H*ckin exhausting. 12/10 would snug passionately https://t.co/j211oCDRs6,,,,"https://twitter.com/dog_rates/status/876838120628539392/photo/1,https://twitter.com/dog_rates/status/876838120628539392/photo/1",12,10,Ginger,pupper,20341,3283
874296783580663808,,,2017-06-12 16:06:11 +0000,Twitter for iPhone,This is Jed. He may be the fanciest pupper in the game right now. Knows it too. 13/10 would sign modeling contract https://t.co/0YplNnSMEm,,,,https://twitter.com/dog_rates/status/874296783580663808/photo/1,13,10,Jed,pupper,25646,4046
873337748698140672,,,2017-06-10 00:35:19 +0000,Twitter for iPhone,"RT @dog_rates: This is Sierra. She's one precious pupper. Absolute 12/10. Been in and out of ICU her whole life. Help Sierra below

https:/…",8.732137756329779e+17,4196983835.0,2017-06-09 16:22:42 +0000,"https://www.gofundme.com/help-my-baby-sierra-get-better,https://twitter.com/dog_rates/status/873213775632977920/photo/1,https://twitter.com/dog_rates/status/873213775632977920/photo/1",12,10,Sierra,pupper,0,1564
873213775632977920,,,2017-06-09 16:22:42 +0000,Twitter for iPhone,"This is Sierra. She's one precious pupper. Absolute 12/10. Been in and out of ICU her whole life. Help Sierra below

https://t.co/Xp01EU3qyD https://t.co/V5lkvrGLdQ",,,,"https://www.gofundme.com/help-my-baby-sierra-get-better,https://twitter.com/dog_rates/status/873213775632977920/photo/1,https://twitter.com/dog_rates/status/873213775632977920/photo/1",12,10,Sierra,pupper,7138,1564
871762521631449091,,,2017-06-05 16:15:56 +0000,Twitter for iPhone,This is Rover. As part of pupper protocol he had to at least attempt to eat the plant. Confirmed not tasty. Needs peanut butter. 12/10 https://t.co/AiVljI6QCg,,,,"https://twitter.com/dog_rates/status/871762521631449091/photo/1,https://twitter.com/dog_rates/status/871762521631449091/photo/1,https://twitter.com/dog_rates/status/871762521631449091/photo/1",12,10,Rover,pupper,20019,3448
866450705531457537,,,2017-05-22 00:28:40 +0000,Twitter for iPhone,"This is Jamesy. He gives a kiss to every other pupper he sees on his walk. 13/10 such passion, much tender https://t.co/wk7TfysWHr",,,,"https://twitter.com/dog_rates/status/866450705531457537/photo/1,https://twitter.com/dog_rates/status/866450705531457537/photo/1",13,10,Jamesy,pupper,121922,35435
850019790995546112,,,2017-04-06 16:18:05 +0000,Twitter for iPhone,Say hello to Boomer. He's a sandy pupper. Having a h*ckin blast. 12/10 would pet passionately https://t.co/ecb3LvExde,,,,"https://twitter.com/dog_rates/status/850019790995546112/photo/1,https://twitter.com/dog_rates/status/850019790995546112/photo/1,https://twitter.com/dog_rates/status/850019790995546112/photo/1",12,10,Boomer,pupper,21086,5143
849668094696017920,,,2017-04-05 17:00:34 +0000,Twitter for iPhone,RT @dog_rates: This is Gidget. She's a spy pupper. Stealthy as h*ck. Must've slipped pup and got caught. 12/10 would forgive then pet https…,8.331246945974436e+17,4196983835.0,2017-02-19 01:23:00 +0000,"https://twitter.com/dog_rates/status/833124694597443584/photo/1,https://twitter.com/dog_rates/status/833124694597443584/photo/1,https://twitter.com/dog_rates/status/833124694597443584/photo/1",12,10,Gidget,pupper,0,5211
845306882940190720,,,2017-03-24 16:10:40 +0000,Twitter for iPhone,This is Pickles. She's a silly pupper. Thinks she's a dish. 12/10 would dry https://t.co/7mPCF4ZwEk,,,,https://twitter.com/dog_rates/status/845306882940190720/photo/1,12,10,Pickles,pupper,24235,5714
837110210464448512,,,2017-03-02 01:20:01 +0000,Twitter for iPhone,This is Clark. He passed pupper training today. Round of appaws for Clark. 13/10 https://t.co/7pUjwe8X6B,,,,https://twitter.com/dog_rates/status/837110210464448512/photo/1,13,10,Clark,pupper,16791,2560
837110210464448512,,,2017-03-02 01:20:01 +0000,Twitter for iPhone,This is Clark. He passed pupper training today. Round of appaws for Clark. 13/10 https://t.co/7pUjwe8X6B,,,,https://twitter.com/dog_rates/status/837110210464448512/photo/1,13,10,Clark,pupper,16791,2560
836380477523124226,,,2017-02-28 01:00:19 +0000,Twitter for iPhone,"This is Ava. She just blasted off. Streamline af. Aerodynamic as h*ck. One small step for pupper, one giant leap for pupkind. 12/10 https://t.co/W4KffrdX3Q",,,,https://twitter.com/dog_rates/status/836380477523124226/photo/1,12,10,Ava,pupper,15452,3178
833124694597443584,,,2017-02-19 01:23:00 +0000,Twitter for iPhone,This is Gidget. She's a spy pupper. Stealthy as h*ck. Must've slipped pup and got caught. 12/10 would forgive then pet https://t.co/zD97KYFaFa,,,,"https://twitter.com/dog_rates/status/833124694597443584/photo/1,https://twitter.com/dog_rates/status/833124694597443584/photo/1,https://twitter.com/dog_rates/status/833124694597443584/photo/1",12,10,Gidget,pupper,21235,5211
827933404142436356,,,2017-02-04 17:34:40 +0000,Twitter for iPhone,This is Kona. Yesterday she stopped by the department to see what it takes to be a police pupper. 12/10 vest was only a smidge too big https://t.co/j8D3PQJvpJ,,,,"https://twitter.com/dog_rates/status/827933404142436356/photo/1,https://twitter.com/dog_rates/status/827933404142436356/photo/1,https://twitter.com/dog_rates/status/827933404142436356/photo/1",12,10,Kona,pupper,21268,5656
822462944365645825,,,2017-01-20 15:17:01 +0000,Twitter for iPhone,"This is Gabe. He was the unequivocal embodiment of a dream meme, but also one h*ck of a pupper. You will be missed by so many. 14/10 RIP https://t.co/M3hZGadUuO",,,,"https://twitter.com/dog_rates/status/822462944365645825/photo/1,https://twitter.com/dog_rates/status/822462944365645825/photo/1,https://twitter.com/dog_rates/status/822462944365645825/photo/1,https://twitter.com/dog_rates/status/822462944365645825/photo/1",14,10,Gabe,pupper,30201,15944
818588835076603904,,,2017-01-09 22:42:41 +0000,Twitter for iPhone,RT @dog_rates: This is Chelsea. She forgot how to dog. 11/10 get it together pupper https://t.co/nBJ5RE4yHb,7.735475969965711e+17,4196983835.0,2016-09-07 15:44:53 +0000,"https://twitter.com/dog_rates/status/773547596996571136/photo/1,https://twitter.com/dog_rates/status/773547596996571136/photo/1",11,10,Chelsea,pupper,0,6698
814986499976527872,,,2016-12-31 00:08:17 +0000,Twitter for iPhone,This is Cooper. Someone attacked him with a sharpie. Poor pupper. 11/10 nifty tongue slip tho https://t.co/01vpuRDXQ8,,,,https://twitter.com/dog_rates/status/814986499976527872/photo/1,11,10,Cooper,pupper,8138,1414
811386762094317568,,,2016-12-21 01:44:13 +0000,Twitter for iPhone,This is Craig. That's actually a normal sized fence he's stuck on. H*ckin massive pupper. 11/10 someone help him https://t.co/aAUXzoxaBy,,,,https://twitter.com/dog_rates/status/811386762094317568/photo/1,11,10,Craig,pupper,22344,7005
807621403335917568,,,2016-12-10 16:22:02 +0000,Twitter for iPhone,This is Ollie Vue. He was a 3 legged pupper on a mission to overcome everything. This is very hard to write. 14/10 we will miss you Ollie https://t.co/qTRY2qX9y4,,,,"https://twitter.com/dog_rates/status/807621403335917568/photo/1,https://twitter.com/dog_rates/status/807621403335917568/photo/1,https://twitter.com/dog_rates/status/807621403335917568/photo/1,https://twitter.com/dog_rates/status/807621403335917568/photo/1",14,10,Ollie,pupper,15577,4031
800443802682937345,,,2016-11-20 21:00:48 +0000,Twitter for iPhone,RT @dog_rates: This is Sampson. He's about to get hit with a vicious draw 2. Has no idea. 11/10 poor pupper https://t.co/FYT9QBEnKG,7.761133056561889e+17,4196983835.0,2016-09-14 17:40:06 +0000,"https://twitter.com/dog_rates/status/776113305656188928/photo/1,https://twitter.com/dog_rates/status/776113305656188928/photo/1",11,10,Sampson,pupper,0,4739
800188575492947969,,,2016-11-20 04:06:37 +0000,Twitter for iPhone,RT @dog_rates: This is Bo. He's a Benedoop Cumbersnatch. Seems frustrated with own feet. Portable as hell. 11/10 very solid pupper https://…,6.816940855398728e+17,4196983835.0,2015-12-29 04:31:49 +0000,https://twitter.com/dog_rates/status/681694085539872773/photo/1,11,10,Bo,pupper,0,4325
798705661114773508,,,2016-11-16 01:54:03 +0000,Twitter for iPhone,"RT @dog_rates: Meet Baloo. He's expecting a fast ground ball, hence the wide stance. Prepared af. 11/10 nothing runs like a pupper https://…",7.406769760217989e+17,4196983835.0,2016-06-08 22:48:46 +0000,https://twitter.com/dog_rates/status/740676976021798912/photo/1,11,10,Baloo,pupper,0,7250
794205286408003585,,,2016-11-03 15:51:10 +0000,Twitter for iPhone,This is Laika. She was a space pupper. The first space pupper actually. Orbited earth like a h*ckin boss. 14/10 hero af https://t.co/trSjgY3h4g,,,,"https://twitter.com/dog_rates/status/794205286408003585/photo/1,https://twitter.com/dog_rates/status/794205286408003585/photo/1,https://twitter.com/dog_rates/status/794205286408003585/photo/1",14,10,Laika,pupper,9853,3636
789903600034189313,,,2016-10-22 18:57:48 +0000,Vine,This is Ralphy. His dreams were just shattered. Poor pupper. 13/10 it'll be ok Ralphy https://t.co/P0kSN6rT6H,,,,https://vine.co/v/5wPT1aBxPQZ,13,10,Ralphy,pupper,11133,4526
778027034220126208,,,2016-09-20 00:24:34 +0000,Twitter for iPhone,This is Sophie. She's a Jubilant Bush Pupper. Super h*ckin rare. Appears at random just to smile at the locals. 11.27/10 would smile back https://t.co/QFaUiIHxHq,,,,https://twitter.com/dog_rates/status/778027034220126208/photo/1,27,10,Sophie,pupper,6980,1765
776477788987613185,,,2016-09-15 17:48:25 +0000,Twitter for iPhone,This is Huck. He's addicted to caffeine. Hope it's not too latte to seek help. 11/10 stay strong pupper https://t.co/iJE3F0VozW,,,,"https://twitter.com/dog_rates/status/776477788987613185/photo/1,https://twitter.com/dog_rates/status/776477788987613185/photo/1",11,10,Huck,pupper,9419,3042
776113305656188928,,,2016-09-14 17:40:06 +0000,Twitter for iPhone,This is Sampson. He's about to get hit with a vicious draw 2. Has no idea. 11/10 poor pupper https://t.co/FYT9QBEnKG,,,,https://twitter.com/dog_rates/status/776113305656188928/photo/1,11,10,Sampson,pupper,12509,4739
773985732834758656,,,2016-09-08 20:45:53 +0000,Twitter for iPhone,Meet Winnie. She just made awkward eye contact with the driver beside her. Poor pupper panicked. 11/10 would comfort https://t.co/RFWtDqTnAz,,,,"https://twitter.com/dog_rates/status/773985732834758656/photo/1,https://twitter.com/dog_rates/status/773985732834758656/photo/1,https://twitter.com/dog_rates/status/773985732834758656/photo/1,https://twitter.com/dog_rates/status/773985732834758656/photo/1",11,10,Winnie,pupper,11412,4217
773547596996571136,,,2016-09-07 15:44:53 +0000,Twitter for iPhone,This is Chelsea. She forgot how to dog. 11/10 get it together pupper https://t.co/nBJ5RE4yHb,,,,https://twitter.com/dog_rates/status/773547596996571136/photo/1,11,10,Chelsea,pupper,23474,6698
772193107915964416,,,2016-09-03 22:02:38 +0000,Twitter for iPhone,This is Willem. He's a Penn State pupper. Thinks the hood makes him more intimidating. It doesn't. 12/10 https://t.co/Dp0s7MRIHK,,,,https://twitter.com/dog_rates/status/772193107915964416/photo/1,12,10,Willem,pupper,6388,1501
765371061932261376,,,2016-08-16 02:14:15 +0000,Twitter for iPhone,This is Louie. He's had a long day. Did a lot of pupper things. Also appears to be rather heckin pettable. 11/10 https://t.co/w2qDmoTIZ5,,,,"https://twitter.com/dog_rates/status/765371061932261376/photo/1,https://twitter.com/dog_rates/status/765371061932261376/photo/1",11,10,Louie,pupper,7520,2337
756939218950160384,,,2016-07-23 19:49:07 +0000,Twitter for iPhone,This is Jax. He is a majestic mountain pupper. Thinks flat ground is for the weak. 12/10 would totally hike with https://t.co/KGdeHuFJnH,,,,https://twitter.com/dog_rates/status/756939218950160384/photo/1,12,10,Jax,pupper,7034,2168
751950017322246144,,,2016-07-10 01:23:49 +0000,Vine,This is Lola. She's a surfing pupper. 13/10 magical af https://t.co/BlGQkhM5EV,,,,https://vine.co/v/5WrjaYAMvMO,13,10,Lola,pupper,3244,1001
750868782890057730,,,2016-07-07 01:47:22 +0000,Twitter for iPhone,Meet Milo. He hauled ass until he ran out of treadmill and then passed out from exhaustion. 11/10 sleep tight pupper https://t.co/xe1aGZNkcC,,,,"https://twitter.com/dog_rates/status/750868782890057730/photo/1,https://twitter.com/dog_rates/status/750868782890057730/photo/1,https://twitter.com/dog_rates/status/750868782890057730/photo/1,https://twitter.com/dog_rates/status/750868782890057730/photo/1",11,10,Milo,pupper,5030,1491
749417653287129088,,,2016-07-03 01:41:06 +0000,Twitter for iPhone,This is Finn. He's the most unphotogenic pupper of all time. 11/10 https://t.co/qvA2rCUl6v,,,,"https://twitter.com/dog_rates/status/749417653287129088/photo/1,https://twitter.com/dog_rates/status/749417653287129088/photo/1,https://twitter.com/dog_rates/status/749417653287129088/photo/1,https://twitter.com/dog_rates/status/749417653287129088/photo/1",11,10,Finn,pupper,6420,1786
741743634094141440,,,2016-06-11 21:27:17 +0000,Twitter for iPhone,Meet Aqua. She's a sandy pupper. Not sure how she feels about being so sandy. Radical tongue slip. 11/10 petable af https://t.co/rYxJ0UQtbE,,,,"https://twitter.com/dog_rates/status/741743634094141440/photo/1,https://twitter.com/dog_rates/status/741743634094141440/photo/1,https://twitter.com/dog_rates/status/741743634094141440/photo/1",11,10,Aqua,pupper,8555,2951
740676976021798912,,,2016-06-08 22:48:46 +0000,Twitter for iPhone,"Meet Baloo. He's expecting a fast ground ball, hence the wide stance. Prepared af. 11/10 nothing runs like a pupper https://t.co/sMbMw5Z2XC",,,,https://twitter.com/dog_rates/status/740676976021798912/photo/1,11,10,Baloo,pupper,19020,7250
736365877722001409,,,2016-05-28 01:18:00 +0000,Twitter for iPhone,This is Rory. He's extremely impatient. 11/10 settle down pupper https://t.co/e3tfXJLi40,,,,"https://twitter.com/dog_rates/status/736365877722001409/photo/1,https://twitter.com/dog_rates/status/736365877722001409/photo/1,https://twitter.com/dog_rates/status/736365877722001409/photo/1,https://twitter.com/dog_rates/status/736365877722001409/photo/1",11,10,Rory,pupper,4168,1333
728015554473250816,,,2016-05-05 00:16:48 +0000,Twitter for iPhone,This is Rueben. He has reached ultimate pupper zen state. 11/10 tranquil af https://t.co/Z167HgtnBi,,,,https://twitter.com/dog_rates/status/728015554473250816/photo/1,11,10,Rueben,pupper,4273,1162
725786712245440512,,,2016-04-28 20:40:11 +0000,Twitter for iPhone,Say hello to Lillie. She's a Rutabagan Floofem. Poor pupper ate and then passed out. 11/10 relatable af https://t.co/uIdGqug9rw,,,,https://twitter.com/dog_rates/status/725786712245440512/photo/1,11,10,Lillie,pupper,4339,1444
724004602748780546,,,2016-04-23 22:38:43 +0000,Twitter for iPhone,This is Luther. He saw a ghost. Spooked af. 11/10 hang in there pupper https://t.co/EdKG43VvEl,,,,"https://twitter.com/dog_rates/status/724004602748780546/photo/1,https://twitter.com/dog_rates/status/724004602748780546/photo/1,https://twitter.com/dog_rates/status/724004602748780546/photo/1",11,10,Luther,pupper,4360,1673
721001180231503872,,,2016-04-15 15:44:11 +0000,Twitter for iPhone,This is Oliver. Bath time is upon him. His fear of the wetness postpones his ultimate pupper destiny. 11/10 https://t.co/AFzzKqR4tT,,,,https://twitter.com/dog_rates/status/721001180231503872/photo/1,11,10,Oliver,pupper,2632,655
719704490224398336,,,2016-04-12 01:51:36 +0000,Twitter for iPhone,This is Clyde. He's making sure you're having a good train ride. 12/10 great pupper https://t.co/y206kWHAj0,,,,https://twitter.com/dog_rates/status/719704490224398336/photo/1,12,10,Clyde,pupper,4757,1539
716447146686459905,,,2016-04-03 02:08:05 +0000,Vine,This is Ozzy. He's acrobatic af. Legendary pupper status achieved. 13/10 https://t.co/gHWsCTu90E,,,,https://vine.co/v/eMmXVPn5eQK,13,10,Ozzy,pupper,13657,6258
711008018775851008,,,2016-03-19 01:54:56 +0000,Twitter for iPhone,This is Chuckles. He had a balloon but he accidentally let go of it and it floated away. 11/10 hang in there pupper https://t.co/68iNM7B5gW,,,,https://twitter.com/dog_rates/status/711008018775851008/photo/1,11,10,Chuckles,pupper,3127,657
705428427625635840,,,2016-03-03 16:23:38 +0000,Twitter for iPhone,This is Ambrose. He's an Alfalfa Ballyhoo. Draws pistol fast af. Pretty much runs the frontier. 11/10 lethal pupper https://t.co/ih6epBOxIA,,,,https://twitter.com/dog_rates/status/705428427625635840/photo/1,11,10,Ambrose,pupper,3996,1800
702598099714314240,,,2016-02-24 20:56:55 +0000,Twitter for iPhone,"This is Sansa. She's gotten too big for her chair. Not so smol anymore. 11/10 once a pupper, always a pupper https://t.co/IpAoztle2s",,,,https://twitter.com/dog_rates/status/702598099714314240/photo/1,11,10,Sansa,pupper,12759,3649
699801817392291840,,,2016-02-17 03:45:29 +0000,Twitter for iPhone,This is Cooper. He began to tear up when his bone was taken from him. 11/10 stay strong pupper https://t.co/qI8yvqKG02,,,,"https://twitter.com/dog_rates/status/699801817392291840/photo/1,https://twitter.com/dog_rates/status/699801817392291840/photo/1,https://twitter.com/dog_rates/status/699801817392291840/photo/1,https://twitter.com/dog_rates/status/699801817392291840/photo/1",11,10,Cooper,pupper,3206,1017
695074328191332352,,,2016-02-04 02:40:08 +0000,Twitter for iPhone,This is Lorenzo. He's educated af. Just graduated college. 11/10 poor pupper can't even comprehend his debt https://t.co/dH3GzcjCtQ,,,,https://twitter.com/dog_rates/status/695074328191332352/photo/1,11,10,Lorenzo,pupper,2978,1179
689905486972461056,,,2016-01-20 20:21:00 +0000,Twitter for iPhone,"Say hello to Gizmo. He's quite the pupper. Confused by bed, but agile af. Can barely catch on camera. 11/10 so quick https://t.co/IE4ZblyZRY",,,,"https://twitter.com/dog_rates/status/689905486972461056/photo/1,https://twitter.com/dog_rates/status/689905486972461056/photo/1,https://twitter.com/dog_rates/status/689905486972461056/photo/1,https://twitter.com/dog_rates/status/689905486972461056/photo/1",11,10,Gizmo,pupper,2547,739
687476254459715584,,,2016-01-14 03:28:06 +0000,Twitter for iPhone,This is Curtis. He's a fluffball. 11/10 would snug this pupper https://t.co/1DzInODwrj,,,,https://twitter.com/dog_rates/status/687476254459715584/photo/1,11,10,Curtis,pupper,2072,569
686683045143953408,,,2016-01-11 22:56:10 +0000,Twitter for iPhone,This is Mona. She's a Yarborough Splishnsplash. Lost body during Nam. 11/10 revolutionary pupper https://t.co/pgD6h0yhgz,,,,https://twitter.com/dog_rates/status/686683045143953408/photo/1,11,10,Mona,pupper,2944,858
686618349602762752,,,2016-01-11 18:39:05 +0000,Twitter for iPhone,This is Olivia. She just saw an adult wearing crocs. 11/10 poor pupper. No one should witness such a thing https://t.co/yJVTi1DjJc,,,,https://twitter.com/dog_rates/status/686618349602762752/photo/1,11,10,Olivia,pupper,3871,1452
685169283572338688,,,2016-01-07 18:41:01 +0000,Twitter for iPhone,Meet Gerbald. He just found out he's adopted. Poor pupper. Snazzy tongue tho. 11/10 would hold close in time of need https://t.co/UfGkB9Wrud,,,,https://twitter.com/dog_rates/status/685169283572338688/photo/1,11,10,Gerbald,pupper,4302,1517
684147889187209216,,,2016-01-04 23:02:22 +0000,Vine,This is Sweets the English Bulldog. Waves back to other bikers. 12/10 just a fantastic friendly pupper https://t.co/WYiFzuX7D4,,,,https://vine.co/v/ib2nTOEuuOI,12,10,Sweets,pupper,3124,1596
683481228088049664,,,2016-01-03 02:53:17 +0000,Twitter for iPhone,Meet Banjo. He's a Peppercorn Shoop Da Whoop. Nails look lethal. Skeptical of luminescent orb 11/10 stay woke pupper https://t.co/H7NZFumpKq,,,,https://twitter.com/dog_rates/status/683481228088049664/photo/1,11,10,Banjo,pupper,2764,1063
681694085539872773,,,2015-12-29 04:31:49 +0000,Twitter for iPhone,This is Bo. He's a Benedoop Cumbersnatch. Seems frustrated with own feet. Portable as hell. 11/10 very solid pupper https://t.co/TONMhRoQh7,,,,https://twitter.com/dog_rates/status/681694085539872773/photo/1,11,10,Bo,pupper,13386,4325
681654059175129088,,,2015-12-29 01:52:46 +0000,Twitter for iPhone,This is Toffee. He's a happy pupper. Appears dangerously fluffy. Extraordinarily spherical. 12/10 would pet firmly https://t.co/oEXEKt3MHu,,,,https://twitter.com/dog_rates/status/681654059175129088/photo/1,12,10,Toffee,pupper,2761,989
680836378243002368,,,2015-12-26 19:43:36 +0000,Twitter for iPhone,This is Ellie. She's secretly ferocious. 12/10 very deadly pupper https://t.co/BF4BW8LUgb,,,,"https://twitter.com/dog_rates/status/680836378243002368/photo/1,https://twitter.com/dog_rates/status/680836378243002368/photo/1,https://twitter.com/dog_rates/status/680836378243002368/photo/1",12,10,Ellie,pupper,3622,1421
678389028614488064,,,2015-12-20 01:38:42 +0000,Twitter for iPhone,"This is Bella. She just learned that her final grade in chem was a 92.49 
poor pupper 11/10 https://t.co/auOoKuoveM",,,,https://twitter.com/dog_rates/status/678389028614488064/photo/1,11,10,Bella,pupper,1947,445
674774481756377088,,,2015-12-10 02:15:47 +0000,Twitter for iPhone,This is Superpup. His head isn't proportional to his body. Has yet to serve any justice. 11/10 maybe one day pupper https://t.co/gxIFgg8ktm,,,,https://twitter.com/dog_rates/status/674774481756377088/photo/1,11,10,Superpup,pupper,1154,494
674038233588723717,,,2015-12-08 01:30:12 +0000,Twitter for iPhone,This is Kaiya. She's an aspiring shoe model. 12/10 follow your dreams pupper https://t.co/nX8FiGRHvk,,,,https://twitter.com/dog_rates/status/674038233588723717/photo/1,12,10,Kaiya,pupper,1128,425
673919437611909120,,,2015-12-07 17:38:09 +0000,Twitter for iPhone,This is Obie. He is on guard watching for evildoers from the comfort of his pumpkin. Very brave pupper. 11/10 https://t.co/cdwPTsGEAb,,,,https://twitter.com/dog_rates/status/673919437611909120/photo/1,11,10,Obie,pupper,1190,380
672898206762672129,,,2015-12-04 22:00:08 +0000,Twitter for iPhone,This is Cheryl AKA Queen Pupper of the Skies. Experienced fighter pilot. Much skill. True hero. 11/10 https://t.co/i4XJEWwdsp,,,,https://twitter.com/dog_rates/status/672898206762672129/photo/1,11,10,Cheryl,pupper,917,436
672481316919734272,,,2015-12-03 18:23:34 +0000,Twitter for iPhone,Say hello to Jazz. She should be on the cover of Vogue. 12/10 gorgeous pupper https://t.co/mVCMemhXAP,,,,https://twitter.com/dog_rates/status/672481316919734272/photo/1,12,10,Jazz,pupper,726,128
672254177670729728,,,2015-12-03 03:21:00 +0000,Twitter for iPhone,This is Rolf. He's having the time of his life. 11/10 good pupper https://t.co/OO6MqEbqG3,,,,https://twitter.com/dog_rates/status/672254177670729728/photo/1,11,10,Rolf,pupper,1456,762
